{
  "test_size": 0.2,
  "random_state": 42,
  "classes": {
    "0": "여유",
    "1": "보통",
    "2": "혼잡"
  },
  "classification_report": {
    "0": {
      "precision": 0.7533731490970774,
      "recall": 0.8661639349590853,
      "f1-score": 0.8058409501561166,
      "support": 123061.0
    },
    "1": {
      "precision": 0.20023279941294062,
      "recall": 0.40401307056060454,
      "f1-score": 0.2677607647407157,
      "support": 19586.0
    },
    "2": {
      "precision": 0.9764375426528611,
      "recall": 0.8985532863503181,
      "f1-score": 0.9358778179549907,
      "support": 480883.0
    },
    "accuracy": 0.8766266258239379,
    "macro avg": {
      "precision": 0.6433478303876264,
      "recall": 0.7229100972900028,
      "f1-score": 0.6698265109506076,
      "support": 623530.0
    },
    "weighted avg": {
      "precision": 0.9080314139397834,
      "recall": 0.8766266258239379,
      "f1-score": 0.8892269629962044,
      "support": 623530.0
    }
  },
  "confusion_matrix": [
    [
      106591,
      9729,
      6741
    ],
    [
      7987,
      7913,
      3686
    ],
    [
      26907,
      21877,
      432099
    ]
  ],
  "n_train": 2494118,
  "n_test": 623530
}